620.7,760.5,704.8,820.1
620.7,760.5,704.8,820.1
620.7,759.5,705.8,820.1
621.7,759.5,705.8,820.1
621.7,760.5,705.8,820.1
621.7,760.5,705.8,820.1
620.7,759.5,706.7,820.1
620.7,759.5,706.7,820.1
621.7,760.5,706.7,819.2
621.7,760.5,706.7,819.2
620.7,760.5,705.8,819.2
620.7,760.5,705.8,819.2
619.7,760.5,704.8,820.1
619.7,760.5,704.8,820.1
619.7,759.5,704.8,819.2
619.7,759.5,704.8,819.2
620.7,759.5,704.8,819.2
620.7,759.5,704.8,819.2
619.7,759.5,704.8,819.2
619.7,759.5,704.8,819.2
619.7,759.5,704.8,819.2
619.7,759.5,703.8,819.2
620.7,759.5,703.8,819.2
620.7,759.5,704.8,819.2
619.7,759.5,704.8,819.2
619.7,759.5,704.8,819.2
619.7,759.5,704.8,819.2
619.7,759.5,704.8,819.2
619.7,759.5,704.8,819.2
619.7,759.5,704.8,820.1
619.7,759.5,704.8,820.1
619.7,759.5,704.8,819.2
619.7,759.5,704.8,819.2
619.7,760.5,704.8,820.1
619.7,760.5,704.8,820.1
620.7,760.5,704.8,820.1
620.7,760.5,704.8,820.1
619.7,760.5,704.8,820.1
619.7,760.5,704.8,820.1
619.7,759.5,704.8,820.1
619.7,759.5,704.8,820.1
620.7,760.5,704.8,820.1
619.7,759.5,704.8,820.1
619.7,759.5,704.8,820.1
620.7,759.5,704.8,820.1
620.7,759.5,704.8,820.1
619.7,759.5,704.8,819.2
619.7,759.5,704.8,819.2
619.7,759.5,703.8,819.2
619.7,759.5,703.8,819.2
619.7,759.5,704.8,819.2
619.7,759.5,704.8,819.2
619.7,759.5,704.8,819.2
619.7,759.5,704.8,819.2
619.7,759.5,704.8,820.1
619.7,759.5,704.8,819.2
619.7,759.5,704.8,819.2
619.7,759.5,704.8,819.2
619.7,759.5,704.8,819.2
619.7,759.5,703.8,819.2
619.7,759.5,703.8,819.2
619.7,759.5,703.8,819.2
619.7,759.5,703.8,819.2
619.7,759.5,703.8,820.1
619.7,759.5,703.8,820.1
619.7,759.5,703.8,819.2
619.7,759.5,703.8,819.2
619.7,759.5,704.8,819.2
619.7,759.5,704.8,819.2
619.7,759.5,703.8,819.2
619.7,759.5,703.8,819.2
620.7,760.5,703.8,820.1
620.7,760.5,703.8,820.1
619.7,759.5,703.8,819.2
619.7,759.5,703.8,819.2
619.7,759.5,703.8,819.2
619.7,759.5,704.8,820.1
620.7,759.5,704.8,820.1
620.7,759.5,705.8,820.1
620.7,759.5,705.8,820.1
619.7,759.5,704.8,819.2
619.7,759.5,704.8,819.2
620.7,760.5,704.8,819.2
620.7,760.5,704.8,819.2
620.7,759.5,704.8,819.2
620.7,759.5,704.8,819.2
619.7,758.6,704.8,819.2
619.7,758.6,704.8,819.2
619.7,759.5,703.8,819.2
619.7,759.5,703.8,819.2
619.7,758.6,703.8,819.2
619.7,758.6,703.8,819.2
619.7,758.6,703.8,819.2
619.7,758.6,703.8,819.2
619.7,759.5,703.8,819.2
619.7,759.5,703.8,819.2
619.7,758.6,703.8,819.2
619.7,758.6,703.8,819.2
619.7,758.6,703.8,819.2
619.7,758.6,704.8,819.2
619.7,758.6,704.8,819.2
619.7,758.6,704.8,819.2
619.7,758.6,704.8,819.2
619.7,759.5,704.8,819.2
619.7,759.5,704.8,819.2
619.7,759.5,704.8,819.2
619.7,759.5,704.8,819.2
619.7,759.5,704.8,819.2
619.7,759.5,704.8,819.2
619.7,759.5,703.8,819.2
619.7,759.5,703.8,819.2
620.7,759.5,703.8,819.2
620.7,759.5,703.8,819.2
619.7,759.5,704.8,820.1
619.7,759.5,704.8,819.2
620.7,759.5,704.8,819.2
620.7,759.5,704.8,820.1
620.7,759.5,704.8,820.1
619.7,758.6,703.8,820.1
619.7,758.6,703.8,820.1
620.7,758.6,703.8,819.2
620.7,758.6,703.8,819.2
619.7,758.6,703.8,819.2
619.7,758.6,703.8,819.2
619.7,759.5,704.8,819.2
619.7,759.5,704.8,819.2
619.7,758.6,704.8,819.2
619.7,758.6,704.8,819.2
619.7,758.6,704.8,819.2
619.7,758.6,704.8,819.2
619.7,758.6,704.8,819.2
619.7,758.6,704.8,819.2
619.7,759.5,704.8,819.2
619.7,759.5,704.8,819.2
619.7,758.6,703.8,818.2
619.7,758.6,703.8,818.2
619.7,758.6,703.8,818.2
619.7,758.6,703.8,819.2
619.7,758.6,703.8,819.2
619.7,758.6,703.8,818.2
619.7,758.6,703.8,818.2
618.8,758.6,703.8,819.2
618.8,758.6,703.8,819.2
619.7,759.5,703.8,819.2
619.7,759.5,703.8,819.2
619.7,758.6,703.8,818.2
619.7,758.6,703.8,818.2
618.8,758.6,703.8,819.2
618.8,758.6,703.8,819.2
620.7,758.6,704.8,819.2
620.7,758.6,704.8,819.2
620.7,759.5,705.8,819.2
620.7,759.5,705.8,819.2
620.7,758.6,704.8,819.2
620.7,759.5,704.8,819.2
619.7,759.5,704.8,819.2
619.7,759.5,705.8,819.2
619.7,759.5,705.8,819.2
619.7,759.5,704.8,819.2
619.7,759.5,704.8,819.2
619.7,758.6,703.8,819.2
619.7,758.6,703.8,819.2
619.7,759.5,703.8,819.2
619.7,759.5,703.8,819.2
619.7,758.6,703.8,819.2
619.7,758.6,703.8,819.2
619.7,758.6,703.8,819.2
619.7,758.6,703.8,819.2
618.8,758.6,703.8,819.2
618.8,758.6,703.8,818.2
618.8,758.6,703.8,818.2
618.8,758.6,703.8,818.2
619.7,758.6,703.8,819.2
619.7,759.5,704.8,818.2
618.8,759.5,704.8,818.2
619.7,758.6,703.8,818.2
619.7,758.6,703.8,818.2
618.8,758.6,703.8,818.2
618.8,758.6,703.8,818.2
618.8,758.6,704.8,819.2
618.8,758.6,704.8,819.2
618.8,758.6,704.8,819.2
618.8,758.6,704.8,819.2
619.7,758.6,703.8,819.2
619.7,758.6,703.8,819.2
618.8,758.6,703.8,819.2
618.8,758.6,703.8,819.2
619.7,759.5,703.8,820.1
619.7,759.5,703.8,820.1
619.7,758.6,703.8,819.2
619.7,759.5,703.8,820.1
620.7,759.5,703.8,820.1
620.7,759.5,704.8,819.2
620.7,759.5,704.8,819.2
620.7,759.5,703.8,819.2
619.7,758.6,703.8,819.2
619.7,758.6,703.8,819.2
619.7,758.6,703.8,819.2
619.7,758.6,703.8,818.2
619.7,758.6,703.8,818.2
619.7,758.6,703.8,819.2
619.7,758.6,703.8,819.2
618.8,758.6,703.8,819.2
618.8,758.6,703.8,819.2
618.8,758.6,704.8,819.2
618.8,758.6,704.8,819.2
618.8,758.6,704.8,819.2
618.8,758.6,704.8,819.2
618.8,758.6,703.8,818.2
618.8,758.6,703.8,819.2
619.7,758.6,704.8,819.2
619.7,758.6,703.8,818.2
619.7,758.6,703.8,818.2
618.8,758.6,703.8,818.2
618.8,758.6,703.8,818.2
618.8,758.6,703.8,818.2
618.8,758.6,703.8,818.2
618.8,758.6,703.8,819.2
618.8,758.6,703.8,819.2
619.7,758.6,703.8,818.2
619.7,758.6,703.8,818.2
619.7,759.5,703.8,819.2
619.7,759.5,703.8,819.2
619.7,758.6,703.8,818.2
619.7,758.6,703.8,818.2
619.7,759.5,704.8,819.2
619.7,759.5,704.8,819.2
619.7,758.6,704.8,819.2
619.7,758.6,704.8,819.2
619.7,759.5,704.8,819.2
619.7,759.5,704.8,819.2
619.7,759.5,704.8,819.2
619.7,758.6,704.8,819.2
619.7,758.6,704.8,819.2
619.7,759.5,703.8,819.2
619.7,759.5,703.8,819.2
619.7,759.5,703.8,819.2
619.7,759.5,703.8,819.2
618.8,758.6,703.8,818.2
618.8,758.6,703.8,818.2
619.7,758.6,703.8,819.2
619.7,758.6,703.8,819.2
619.7,758.6,703.8,819.2
619.7,758.6,703.8,819.2
619.7,758.6,703.8,819.2
619.7,758.6,703.8,819.2
619.7,758.6,703.8,819.2
619.7,758.6,703.8,819.2
619.7,758.6,703.8,819.2
619.7,758.6,704.8,818.2
618.8,758.6,704.8,818.2
618.8,758.6,704.8,818.2
618.8,758.6,704.8,818.2
619.7,758.6,703.8,818.2
619.7,758.6,703.8,818.2
618.8,758.6,703.8,818.2
618.8,758.6,703.8,818.2
618.8,758.6,704.8,819.2
618.8,758.6,704.8,819.2
618.8,758.6,703.8,818.2
618.8,758.6,703.8,818.2
619.7,758.6,703.8,819.2
619.7,758.6,703.8,819.2
619.7,759.5,704.8,819.2
619.7,759.5,704.8,819.2
619.7,759.5,704.8,819.2
619.7,759.5,704.8,819.2
620.7,758.6,703.8,819.2
620.7,759.5,704.8,819.2
619.7,759.5,704.8,819.2
619.7,759.5,704.8,819.2
619.7,759.5,704.8,819.2
619.7,758.6,704.8,819.2
619.7,758.6,704.8,819.2
619.7,758.6,704.8,819.2
619.7,758.6,704.8,819.2
618.8,758.6,704.8,819.2
618.8,758.6,704.8,819.2
619.7,758.6,704.8,818.2
619.7,758.6,704.8,818.2
618.8,759.5,704.8,819.2
618.8,759.5,704.8,819.2
619.7,758.6,704.8,818.2
619.7,758.6,704.8,819.2
618.8,758.6,703.8,819.2
618.8,758.6,703.8,819.2
618.8,758.6,703.8,819.2
618.8,758.6,703.8,818.2
618.8,758.6,703.8,818.2
618.8,758.6,703.8,818.2
618.8,758.6,703.8,818.2
619.7,758.6,703.8,818.2
619.7,758.6,703.8,818.2
618.8,758.6,703.8,818.2
618.8,758.6,703.8,818.2
619.7,758.6,703.8,819.2
619.7,758.6,703.8,819.2
619.7,759.5,704.8,819.2
619.7,759.5,704.8,819.2
619.7,758.6,704.8,819.2
619.7,758.6,704.8,819.2
619.7,758.6,704.8,819.2
619.7,758.6,704.8,819.2
619.7,759.5,705.8,819.2
619.7,759.5,705.8,819.2
619.7,758.6,705.8,819.2
619.7,758.6,704.8,819.2
620.7,758.6,704.8,819.2
619.7,758.6,704.8,819.2
619.7,758.6,704.8,819.2
619.7,758.6,704.8,819.2
619.7,758.6,704.8,819.2
619.7,758.6,704.8,819.2
619.7,758.6,704.8,819.2
619.7,758.6,704.8,818.2
619.7,758.6,704.8,818.2
619.7,759.5,703.8,818.2
619.7,759.5,703.8,818.2
618.8,757.6,703.8,819.2
618.8,757.6,703.8,819.2
619.7,759.5,704.8,819.2
619.7,759.5,704.8,819.2
619.7,758.6,704.8,819.2
619.7,758.6,704.8,818.2
619.7,758.6,704.8,818.2
619.7,758.6,704.8,818.2
618.8,758.6,704.8,818.2
618.8,758.6,704.8,818.2
618.8,758.6,704.8,818.2
618.8,758.6,703.8,818.2
618.8,758.6,703.8,818.2
619.7,758.6,703.8,818.2
619.7,758.6,703.8,818.2
618.8,758.6,704.8,818.2
618.8,758.6,704.8,818.2
619.7,758.6,703.8,819.2
619.7,758.6,703.8,819.2
619.7,758.6,704.8,819.2
619.7,758.6,704.8,819.2
619.7,758.6,704.8,819.2
619.7,758.6,704.8,819.2
619.7,759.5,704.8,819.2
619.7,759.5,704.8,819.2
619.7,758.6,704.8,819.2
619.7,758.6,704.8,819.2
619.7,759.5,704.8,819.2
619.7,758.6,704.8,818.2
619.7,758.6,704.8,818.2
618.8,758.6,705.8,819.2
618.8,758.6,705.8,819.2
618.8,758.6,704.8,818.2
618.8,758.6,704.8,818.2
618.8,759.5,705.8,818.2
618.8,759.5,705.8,818.2
618.8,758.6,704.8,818.2
618.8,758.6,704.8,818.2
618.8,759.5,704.8,818.2
618.8,759.5,704.8,818.2
618.8,758.6,704.8,818.2
618.8,758.6,704.8,818.2
618.8,758.6,704.8,819.2
618.8,758.6,704.8,818.2
618.8,758.6,704.8,818.2
618.8,758.6,704.8,818.2
618.8,758.6,704.8,818.2
618.8,758.6,703.8,818.2
618.8,758.6,703.8,818.2
618.8,758.6,704.8,818.2
618.8,758.6,704.8,818.2
618.8,758.6,704.8,818.2
618.8,758.6,704.8,818.2
618.8,758.6,704.8,818.2
618.8,758.6,704.8,818.2
618.8,758.6,704.8,818.2
618.8,758.6,704.8,818.2
619.7,758.6,704.8,819.2
619.7,758.6,704.8,819.2
619.7,758.6,705.8,818.2
619.7,758.6,705.8,818.2
619.7,759.5,705.8,819.2
619.7,759.5,704.8,819.2
619.7,759.5,704.8,819.2
619.7,758.6,704.8,819.2
619.7,758.6,704.8,819.2
619.7,758.6,704.8,819.2
619.7,758.6,704.8,819.2
619.7,758.6,704.8,819.2
619.7,758.6,704.8,819.2
618.8,758.6,704.8,818.2
618.8,758.6,704.8,818.2
619.7,758.6,704.8,819.2
619.7,758.6,704.8,819.2
619.7,758.6,704.8,818.2
619.7,758.6,704.8,818.2
618.8,758.6,704.8,818.2
618.8,758.6,704.8,818.2
619.7,758.6,704.8,818.2
619.7,758.6,704.8,818.2
618.8,758.6,704.8,818.2
618.8,758.6,704.8,818.2
619.7,758.6,704.8,818.2
619.7,758.6,703.8,818.2
618.8,758.6,703.8,818.2
618.8,758.6,703.8,818.2
618.8,758.6,703.8,818.2
618.8,758.6,704.8,818.2
618.8,758.6,704.8,818.2
618.8,758.6,704.8,818.2
618.8,758.6,704.8,818.2
619.7,758.6,704.8,818.2
619.7,758.6,704.8,818.2
618.8,758.6,704.8,819.2
618.8,758.6,704.8,819.2
619.7,758.6,704.8,819.2
619.7,758.6,704.8,819.2
619.7,758.6,704.8,819.2
619.7,758.6,704.8,819.2
619.7,759.5,705.8,819.2
619.7,759.5,705.8,819.2
619.7,759.5,705.8,819.2
619.7,759.5,705.8,819.2
619.7,759.5,705.8,819.2
619.7,758.6,705.8,819.2
619.7,758.6,705.8,819.2
619.7,758.6,704.8,819.2
619.7,758.6,704.8,819.2
618.8,758.6,705.8,819.2
618.8,758.6,705.8,819.2
618.8,758.6,704.8,818.2
618.8,758.6,704.8,818.2
619.7,758.6,704.8,819.2
619.7,758.6,704.8,819.2
618.8,758.6,704.8,818.2
618.8,758.6,704.8,818.2
618.8,758.6,704.8,818.2
618.8,758.6,704.8,818.2
618.8,758.6,704.8,819.2
618.8,758.6,704.8,818.2
618.8,758.6,704.8,818.2
618.8,758.6,704.8,819.2
619.7,758.6,704.8,819.2
618.8,758.6,704.8,818.2
618.8,758.6,704.8,818.2
618.8,758.6,704.8,817.2
618.8,758.6,704.8,817.2
618.8,758.6,704.8,818.2
618.8,758.6,704.8,818.2
619.7,758.6,704.8,819.2
619.7,758.6,704.8,819.2
619.7,758.6,704.8,818.2
619.7,758.6,704.8,818.2
619.7,758.6,705.8,819.2
619.7,758.6,705.8,819.2
619.7,759.5,705.8,819.2
619.7,759.5,705.8,819.2
619.7,758.6,704.8,818.2
619.7,758.6,704.8,819.2
619.7,758.6,705.8,819.2
619.7,759.5,705.8,819.2
619.7,759.5,705.8,819.2
619.7,759.5,704.8,819.2
619.7,759.5,704.8,819.2
619.7,758.6,704.8,819.2
619.7,758.6,704.8,819.2
618.8,758.6,705.8,818.2
618.8,758.6,705.8,818.2
618.8,758.6,704.8,818.2
618.8,758.6,704.8,818.2
618.8,758.6,704.8,818.2
618.8,758.6,704.8,818.2
619.7,758.6,705.8,818.2
619.7,758.6,705.8,818.2
618.8,758.6,704.8,818.2
618.8,758.6,704.8,818.2
618.8,758.6,705.8,818.2
618.8,758.6,705.8,818.2
618.8,758.6,704.8,818.2
618.8,758.6,705.8,818.2
618.8,758.6,705.8,818.2
618.8,758.6,704.8,818.2
618.8,758.6,704.8,818.2
619.7,758.6,705.8,818.2
619.7,758.6,705.8,818.2
618.8,758.6,704.8,818.2
618.8,758.6,704.8,818.2
618.8,758.6,704.8,818.2
618.8,758.6,704.8,818.2
619.7,758.6,704.8,819.2
619.7,758.6,704.8,819.2
619.7,758.6,705.8,818.2
619.7,758.6,705.8,818.2
619.7,758.6,705.8,819.2
619.7,758.6,705.8,819.2
619.7,758.6,705.8,819.2
619.7,758.6,705.8,819.2
619.7,759.5,705.8,819.2
619.7,758.6,705.8,819.2
619.7,758.6,705.8,819.2
619.7,758.6,705.8,818.2
619.7,758.6,705.8,818.2
619.7,759.5,705.8,818.2
619.7,759.5,705.8,818.2
619.7,758.6,705.8,818.2
619.7,758.6,705.8,818.2
618.8,758.6,704.8,819.2
618.8,758.6,704.8,819.2
618.8,758.6,704.8,818.2
618.8,758.6,704.8,818.2
618.8,758.6,704.8,818.2
618.8,758.6,704.8,818.2
618.8,758.6,705.8,818.2
618.8,758.6,705.8,818.2
619.7,758.6,704.8,818.2
619.7,758.6,704.8,818.2
619.7,758.6,704.8,818.2
619.7,758.6,704.8,818.2
618.8,758.6,704.8,818.2
618.8,758.6,705.8,818.2
618.8,758.6,705.8,818.2
619.7,758.6,705.8,818.2
619.7,758.6,705.8,818.2
618.8,758.6,705.8,818.2
618.8,758.6,705.8,818.2
619.7,758.6,704.8,818.2
619.7,758.6,704.8,818.2
619.7,758.6,705.8,818.2
619.7,758.6,705.8,818.2
619.7,758.6,704.8,818.2
619.7,758.6,704.8,818.2
619.7,758.6,705.8,819.2
619.7,758.6,705.8,819.2
619.7,758.6,705.8,819.2
619.7,758.6,705.8,819.2
619.7,758.6,705.8,819.2
619.7,758.6,705.8,819.2
619.7,758.6,705.8,819.2
619.7,758.6,704.8,818.2
619.7,758.6,704.8,818.2
619.7,758.6,705.8,818.2
619.7,758.6,705.8,818.2
619.7,758.6,704.8,818.2
619.7,758.6,704.8,818.2
618.8,758.6,705.8,818.2
618.8,758.6,705.8,818.2
618.8,758.6,705.8,818.2
618.8,758.6,705.8,818.2
619.7,758.6,705.8,819.2
619.7,758.6,705.8,819.2
618.8,758.6,705.8,818.2
618.8,758.6,705.8,818.2
618.8,758.6,705.8,818.2
618.8,758.6,705.8,818.2
618.8,758.6,704.8,818.2
619.7,758.6,705.8,818.2
619.7,758.6,705.8,818.2
619.7,758.6,704.8,818.2
619.7,758.6,704.8,818.2
618.8,758.6,704.8,818.2
618.8,758.6,704.8,818.2
618.8,758.6,705.8,818.2
618.8,758.6,705.8,818.2
619.7,758.6,705.8,818.2
619.7,758.6,705.8,818.2
619.7,758.6,705.8,819.2
619.7,758.6,705.8,819.2
619.7,758.6,705.8,819.2
619.7,758.6,705.8,819.2
619.7,759.5,706.7,819.2
619.7,759.5,706.7,819.2
619.7,759.5,705.8,819.2
619.7,759.5,705.8,819.2
619.7,758.6,705.8,819.2
619.7,758.6,705.8,819.2
618.8,758.6,705.8,819.2
619.7,759.5,705.8,819.2
619.7,759.5,705.8,819.2
619.7,758.6,705.8,819.2
619.7,758.6,705.8,819.2
619.7,758.6,705.8,819.2
619.7,758.6,705.8,819.2
618.8,758.6,705.8,819.2
618.8,758.6,705.8,819.2
618.8,758.6,705.8,818.2
618.8,758.6,705.8,818.2
618.8,758.6,705.8,817.2
618.8,758.6,705.8,817.2
618.8,758.6,705.8,818.2
618.8,758.6,705.8,818.2
618.8,758.6,705.8,818.2
618.8,758.6,705.8,818.2
618.8,758.6,705.8,818.2
618.8,758.6,705.8,818.2
618.8,758.6,705.8,818.2
618.8,758.6,705.8,818.2
618.8,758.6,705.8,818.2
618.8,757.6,705.8,818.2
618.8,757.6,705.8,818.2
619.7,758.6,705.8,818.2
619.7,758.6,705.8,818.2
618.8,758.6,705.8,819.2
618.8,758.6,705.8,819.2
619.7,758.6,705.8,818.2
619.7,758.6,705.8,818.2
619.7,759.5,706.7,818.2
619.7,759.5,706.7,818.2
619.7,758.6,705.8,819.2
619.7,758.6,705.8,819.2
619.7,758.6,705.8,818.2
619.7,758.6,706.7,819.2
619.7,759.5,706.7,819.2
619.7,759.5,706.7,818.2
619.7,758.6,706.7,818.2
619.7,758.6,706.7,819.2
619.7,758.6,706.7,819.2
619.7,758.6,705.8,818.2
619.7,758.6,705.8,818.2
619.7,758.6,705.8,818.2
619.7,758.6,705.8,818.2
619.7,758.6,705.8,818.2
619.7,758.6,705.8,818.2
619.7,758.6,705.8,818.2
619.7,758.6,705.8,818.2
618.8,758.6,705.8,818.2
618.8,758.6,705.8,818.2
618.8,757.6,705.8,818.2
618.8,757.6,705.8,818.2
619.7,758.6,705.8,818.2
619.7,758.6,705.8,818.2
618.8,758.6,705.8,818.2
618.8,758.6,705.8,818.2
618.8,758.6,704.8,818.2
618.8,758.6,705.8,818.2
618.8,758.6,705.8,818.2
618.8,757.6,705.8,818.2
618.8,757.6,705.8,818.2
618.8,758.6,705.8,818.2
618.8,758.6,705.8,818.2
618.8,758.6,705.8,818.2
618.8,758.6,705.8,818.2
619.7,758.6,705.8,818.2
619.7,758.6,705.8,818.2
619.7,758.6,705.8,819.2
619.7,758.6,705.8,819.2
619.7,759.5,706.7,818.2
619.7,759.5,706.7,818.2
619.7,758.6,705.8,819.2
619.7,758.6,705.8,819.2
619.7,759.5,705.8,819.2
619.7,759.5,706.7,819.2
618.8,759.5,706.7,819.2
619.7,758.6,706.7,818.2
619.7,758.6,706.7,818.2
618.8,758.6,705.8,819.2
618.8,758.6,705.8,819.2
618.8,758.6,705.8,818.2
618.8,758.6,705.8,818.2
619.7,758.6,705.8,819.2
619.7,758.6,705.8,819.2
618.8,758.6,704.8,818.2
618.8,758.6,704.8,818.2
618.8,758.6,705.8,818.2
618.8,758.6,705.8,818.2
618.8,758.6,705.8,818.2
618.8,758.6,705.8,818.2
618.8,758.6,705.8,818.2
618.8,758.6,705.8,818.2
618.8,758.6,705.8,818.2
618.8,758.6,705.8,818.2
618.8,758.6,705.8,818.2
618.8,757.6,705.8,818.2
618.8,757.6,705.8,818.2
618.8,758.6,704.8,817.2
618.8,758.6,704.8,817.2
618.8,758.6,705.8,818.2
618.8,758.6,705.8,818.2
618.8,758.6,704.8,818.2
618.8,758.6,704.8,818.2
619.7,758.6,705.8,818.2
619.7,758.6,705.8,818.2
619.7,757.6,705.8,818.2
619.7,757.6,705.8,818.2
619.7,758.6,705.8,818.2
619.7,758.6,705.8,818.2
618.8,758.6,706.7,818.2
618.8,758.6,706.7,818.2
619.7,758.6,705.8,819.2
619.7,758.6,705.8,819.2
619.7,758.6,705.8,819.2
619.7,758.6,705.8,818.2
619.7,758.6,705.8,818.2
619.7,758.6,705.8,818.2
619.7,758.6,705.8,818.2
618.8,758.6,705.8,818.2
618.8,758.6,705.8,818.2
618.8,758.6,705.8,818.2
618.8,758.6,705.8,818.2
618.8,758.6,705.8,818.2
618.8,758.6,705.8,818.2
618.8,758.6,705.8,818.2
618.8,758.6,705.8,818.2
619.7,758.6,705.8,818.2
619.7,758.6,705.8,818.2
619.7,757.6,705.8,818.2
619.7,757.6,705.8,818.2
618.8,758.6,705.8,818.2
618.8,758.6,705.8,818.2
618.8,758.6,705.8,818.2
618.8,758.6,705.8,817.2
618.8,758.6,705.8,817.2
619.7,758.6,705.8,818.2
619.7,758.6,705.8,818.2
619.7,758.6,705.8,818.2
619.7,758.6,705.8,818.2
618.8,758.6,705.8,817.2
618.8,758.6,705.8,817.2
618.8,758.6,705.8,818.2
618.8,758.6,705.8,818.2
619.7,758.6,705.8,818.2
619.7,758.6,705.8,818.2
619.7,758.6,705.8,818.2
619.7,758.6,705.8,818.2
619.7,758.6,705.8,818.2
619.7,758.6,705.8,818.2
619.7,758.6,705.8,818.2
619.7,758.6,706.7,818.2
619.7,758.6,706.7,818.2
619.7,758.6,705.8,818.2
619.7,758.6,705.8,818.2
619.7,758.6,705.8,818.2
619.7,758.6,705.8,818.2
619.7,758.6,705.8,818.2
619.7,758.6,705.8,818.2
618.8,758.6,705.8,819.2
618.8,758.6,705.8,819.2
618.8,757.6,706.7,817.2
618.8,757.6,706.7,817.2
618.8,758.6,705.8,818.2
618.8,758.6,705.8,818.2
618.8,758.6,705.8,818.2
618.8,758.6,705.8,818.2
618.8,758.6,705.8,817.2
618.8,758.6,705.8,817.2
618.8,758.6,705.8,817.2
618.8,757.6,705.8,818.2
618.8,757.6,705.8,818.2
619.7,758.6,706.7,818.2
619.7,758.6,706.7,818.2
618.8,757.6,705.8,818.2
618.8,757.6,705.8,818.2
618.8,758.6,705.8,818.2
618.8,758.6,705.8,818.2
618.8,757.6,705.8,818.2
618.8,757.6,705.8,818.2
619.7,758.6,705.8,818.2
619.7,758.6,705.8,818.2
619.7,758.6,705.8,818.2
619.7,758.6,705.8,818.2
619.7,758.6,705.8,818.2
619.7,758.6,705.8,818.2
619.7,758.6,705.8,818.2
619.7,759.5,706.7,818.2
619.7,759.5,706.7,818.2
619.7,759.5,706.7,818.2
619.7,759.5,706.7,818.2
619.7,758.6,706.7,818.2
619.7,758.6,706.7,818.2
618.8,758.6,705.8,818.2
618.8,758.6,705.8,818.2
618.8,758.6,705.8,818.2
618.8,758.6,705.8,818.2
619.7,758.6,705.8,818.2
619.7,758.6,705.8,818.2
618.8,758.6,705.8,817.2
618.8,758.6,705.8,817.2
619.7,758.6,705.8,818.2
619.7,758.6,705.8,818.2
618.8,758.6,705.8,818.2
618.8,758.6,704.8,818.2
618.8,758.6,704.8,818.2
618.8,758.6,704.8,818.2
619.7,758.6,705.8,818.2
619.7,757.6,705.8,818.2
618.8,757.6,705.8,818.2
619.7,758.6,705.8,819.2
619.7,758.6,705.8,819.2
618.8,758.6,705.8,817.2
618.8,758.6,705.8,817.2
619.7,757.6,705.8,818.2
619.7,757.6,705.8,818.2
618.8,758.6,705.8,818.2
618.8,758.6,705.8,818.2
619.7,758.6,705.8,818.2
619.7,758.6,705.8,818.2
619.7,758.6,705.8,818.2
619.7,758.6,705.8,818.2
619.7,759.5,705.8,818.2
619.7,759.5,705.8,818.2
619.7,758.6,706.7,818.2
619.7,758.6,705.8,818.2
619.7,758.6,705.8,818.2
619.7,758.6,706.7,818.2
619.7,758.6,706.7,818.2
619.7,758.6,706.7,818.2
619.7,758.6,706.7,818.2
618.8,758.6,705.8,818.2
618.8,758.6,705.8,818.2
618.8,757.6,705.8,818.2
618.8,757.6,705.8,818.2
618.8,758.6,705.8,818.2
618.8,758.6,705.8,818.2
619.7,759.5,705.8,817.2
619.7,759.5,705.8,817.2
619.7,758.6,705.8,818.2
619.7,758.6,705.8,818.2
618.8,758.6,705.8,818.2
618.8,758.6,705.8,818.2
619.7,758.6,705.8,818.2
619.7,758.6,704.8,817.2
618.8,758.6,704.8,817.2
618.8,758.6,705.8,818.2
618.8,758.6,705.8,818.2
618.8,758.6,705.8,818.2
618.8,758.6,705.8,818.2
618.8,758.6,705.8,818.2
618.8,758.6,705.8,818.2
618.8,758.6,705.8,817.2
618.8,758.6,705.8,817.2
619.7,758.6,705.8,818.2
619.7,758.6,705.8,818.2
619.7,758.6,705.8,818.2
619.7,758.6,705.8,818.2
619.7,758.6,705.8,818.2
619.7,758.6,705.8,818.2
619.7,758.6,705.8,818.2
619.7,758.6,705.8,818.2
619.7,758.6,705.8,818.2
619.7,758.6,705.8,818.2
620.7,758.6,705.8,818.2
620.7,758.6,706.7,818.2
619.7,759.5,706.7,818.2
619.7,757.6,705.8,818.2
619.7,757.6,705.8,818.2
619.7,758.6,705.8,818.2
619.7,758.6,705.8,818.2
618.8,757.6,705.8,818.2
618.8,757.6,705.8,818.2
618.8,758.6,705.8,818.2
618.8,758.6,705.8,818.2
619.7,758.6,705.8,818.2
619.7,758.6,705.8,818.2
619.7,759.5,705.8,817.2
619.7,759.5,705.8,817.2
618.8,758.6,705.8,818.2
618.8,758.6,705.8,818.2
619.7,758.6,705.8,818.2
619.7,758.6,705.8,818.2
618.8,758.6,705.8,818.2
618.8,757.6,705.8,817.2
619.7,757.6,705.8,817.2
619.7,757.6,704.8,818.2
618.8,757.6,704.8,818.2
618.8,757.6,704.8,818.2
618.8,757.6,704.8,818.2
618.8,758.6,705.8,818.2
618.8,758.6,705.8,818.2
618.8,758.6,705.8,818.2
618.8,758.6,705.8,818.2
619.7,758.6,705.8,818.2
619.7,758.6,705.8,818.2
619.7,758.6,705.8,818.2
619.7,758.6,705.8,818.2
619.7,758.6,705.8,818.2
619.7,758.6,705.8,818.2
619.7,758.6,705.8,818.2
619.7,758.6,706.7,818.2
619.7,758.6,706.7,818.2
619.7,758.6,706.7,818.2
619.7,758.6,706.7,818.2
619.7,758.6,706.7,819.2
619.7,758.6,706.7,819.2
619.7,758.6,705.8,818.2
619.7,758.6,705.8,818.2
619.7,758.6,705.8,818.2
619.7,758.6,705.8,818.2
618.8,758.6,706.7,818.2
618.8,758.6,706.7,818.2
618.8,757.6,704.8,818.2
618.8,757.6,704.8,818.2
618.8,758.6,705.8,818.2
618.8,758.6,705.8,818.2
618.8,758.6,705.8,818.2
618.8,758.6,705.8,818.2
619.7,758.6,705.8,818.2
619.7,758.6,705.8,818.2
619.7,758.6,705.8,817.2
619.7,757.6,705.8,818.2
618.8,757.6,705.8,818.2
618.8,758.6,705.8,818.2
618.8,758.6,705.8,818.2
618.8,757.6,706.7,818.2
618.8,757.6,706.7,818.2
618.8,758.6,705.8,817.2
618.8,758.6,705.8,817.2
618.8,757.6,705.8,818.2
618.8,757.6,705.8,818.2
619.7,758.6,705.8,818.2
619.7,758.6,705.8,818.2
619.7,757.6,705.8,817.2
619.7,757.6,705.8,817.2
619.7,758.6,705.8,818.2
619.7,758.6,705.8,818.2
619.7,758.6,705.8,818.2
619.7,758.6,705.8,818.2
619.7,758.6,705.8,818.2
619.7,758.6,705.8,818.2
619.7,758.6,705.8,818.2
619.7,758.6,705.8,818.2
619.7,758.6,705.8,818.2
619.7,758.6,705.8,818.2
619.7,758.6,705.8,818.2
618.8,758.6,705.8,818.2
618.8,758.6,705.8,818.2
619.7,758.6,705.8,817.2
619.7,758.6,705.8,817.2
618.8,757.6,705.8,818.2
618.8,757.6,705.8,818.2
618.8,758.6,705.8,818.2
618.8,758.6,705.8,818.2
619.7,758.6,705.8,818.2
619.7,758.6,705.8,818.2
618.8,757.6,705.8,818.2
618.8,757.6,705.8,818.2
618.8,758.6,705.8,818.2
618.8,758.6,705.8,817.2
618.8,758.6,705.8,817.2
618.8,757.6,705.8,819.2
618.8,757.6,705.8,819.2
618.8,757.6,705.8,818.2
618.8,757.6,705.8,818.2
618.8,757.6,705.8,818.2
618.8,757.6,705.8,818.2
618.8,757.6,705.8,817.2
618.8,757.6,705.8,817.2
618.8,758.6,705.8,818.2
618.8,758.6,705.8,818.2
619.7,758.6,705.8,818.2
619.7,758.6,705.8,818.2
619.7,758.6,705.8,818.2
619.7,758.6,705.8,818.2
619.7,758.6,705.8,818.2
619.7,758.6,705.8,818.2
619.7,758.6,705.8,818.2
619.7,758.6,705.8,818.2
619.7,758.6,705.8,818.2
619.7,758.6,705.8,819.2
619.7,758.6,705.8,819.2
619.7,758.6,705.8,819.2
619.7,758.6,705.8,819.2
619.7,758.6,705.8,818.2
619.7,758.6,705.8,818.2
618.8,757.6,705.8,818.2
618.8,757.6,705.8,818.2
618.8,758.6,705.8,818.2
618.8,758.6,705.8,818.2
618.8,758.6,705.8,818.2
618.8,758.6,705.8,818.2
618.8,758.6,705.8,817.2
618.8,758.6,705.8,817.2
618.8,758.6,705.8,818.2
618.8,758.6,705.8,818.2
618.8,757.6,705.8,818.2
618.8,757.6,705.8,818.2
618.8,757.6,705.8,818.2
618.8,757.6,705.8,818.2
618.8,757.6,705.8,818.2
618.8,758.6,705.8,817.2
618.8,758.6,705.8,817.2
619.7,757.6,705.8,817.2
619.7,757.6,705.8,817.2
618.8,757.6,705.8,818.2
618.8,757.6,705.8,818.2
619.7,758.6,705.8,818.2
619.7,758.6,705.8,818.2
619.7,757.6,705.8,818.2
619.7,757.6,705.8,818.2
619.7,758.6,705.8,818.2
619.7,758.6,705.8,819.2
619.7,758.6,705.8,819.2
619.7,758.6,705.8,819.2
619.7,758.6,705.8,819.2
619.7,758.6,705.8,819.2
619.7,758.6,705.8,819.2
619.7,758.6,705.8,818.2
619.7,758.6,705.8,818.2
619.7,758.6,706.7,819.2
619.7,758.6,706.7,819.2
619.7,758.6,705.8,818.2
619.7,758.6,705.8,818.2
619.7,758.6,704.8,818.2
619.7,758.6,704.8,818.2
